Generation,BestFitness,AvgFitness,Diversity
0,0.8163150945743296,0.7772948125555535,32.10727272727273
1,0.8242912595867266,0.7886947754669913,31.40707070707071
2,0.8309084486008237,0.7994142921059705,30.33252525252525
3,0.8390445786276822,0.8103632321395251,28.775959595959595
4,0.8414396684616885,0.8177838602914285,26.986262626262626
5,0.8436308077583881,0.8257074127920491,25.19070707070707
6,0.8490339476958757,0.8314998106281678,23.912525252525253
7,0.8490339476958757,0.8346697431725218,22.454747474747474
8,0.8540174061807408,0.8389475555195051,20.95090909090909
9,0.8582515531957253,0.8437225145046598,19.394343434343433
10,0.859763810190257,0.8497345738907576,17.295353535353534
11,0.8612764358553605,0.8523850674795714,15.977171717171718
12,0.8647421768258734,0.8557220393106638,14.105252525252526
13,0.8647421768258734,0.8585183884308328,12.596161616161616
14,0.8649823907133629,0.8600476044228764,11.64121212121212
15,0.8677210802104669,0.8620188901406636,11.102424242424242
16,0.8698151042104214,0.8635138222508665,10.41939393939394
17,0.872951183192342,0.8644641834873059,10.454949494949496
18,0.873020138339531,0.8654893971462434,9.61939393939394
19,0.8745623964444068,0.8669892487286514,9.043030303030303
20,0.8745623964444068,0.8687031787245101,8.271717171717171
21,0.8745903955967933,0.8708089341902329,7.293333333333333
22,0.8745915903689335,0.8720518365820605,6.748888888888889
23,0.8747155738616,0.8727262343956356,6.211515151515152
24,0.8747188803882882,0.873625750665286,5.537171717171717
25,0.8747526319519335,0.8743478685329059,4.819393939393939
26,0.874777098009712,0.8740776195986403,4.475757575757576
27,0.8748770076580207,0.8745509915382229,4.312929292929293
28,0.8749048055950217,0.8743046422272492,4.1337373737373735
29,0.8749396513642309,0.8744403207512561,4.151919191919192
30,0.8749647683741456,0.874668200630991,3.6795959595959595
31,0.8750143629336474,0.874650672170783,3.5662626262626262
32,0.8750143629336474,0.8746875058587146,2.6486868686868688
33,0.8750210302812874,0.8743606404906088,2.3127272727272725
34,0.8750210302812874,0.8743266464222923,2.2276767676767677
35,0.8750210302812874,0.8746877133096266,1.733131313131313
36,0.8750233354626167,0.8747130624911236,1.3197979797979797
37,0.8750265640933714,0.8747129915364081,0.9115151515151515
38,0.8750265640933714,0.8747083517908056,0.7890909090909091
39,0.8766116099266551,0.8748262735567188,0.9092929292929293
40,0.8766116099266551,0.8748753539992038,1.1181818181818182
41,0.8766139234961526,0.8748899599531239,1.3664646464646464
42,0.8766139234961526,0.8750465503993899,1.3343434343434344
43,0.8766194774742041,0.8752198668403929,1.6375757575757577
44,0.8781814186852549,0.8756981649459482,1.8131313131313131
45,0.8781814186852549,0.876367827109441,1.3894949494949496
46,0.8781869925435408,0.8764497560941037,1.3432323232323233
47,0.8781869925435408,0.8768452135374274,1.5056565656565657
48,0.8781869925435408,0.8771529026523004,1.707070707070707
49,0.8781869925435408,0.8778033806507382,1.1254545454545455
50,0.8781869925435408,0.8776229131031179,0.6642424242424242
51,0.8782224626801566,0.8777168784191235,0.45636363636363636
52,0.8782410512884621,0.8777760991391373,0.5755555555555556
53,0.8797638478282255,0.8779066093470952,0.5593939393939394
54,0.8797638478282255,0.8778016330975101,0.8543434343434343
55,0.8797994454607413,0.8780470661938692,0.9977777777777778
56,0.879853702910264,0.8783160835926057,1.4157575757575758
57,0.879853702910264,0.8789979397007541,1.4555555555555555
58,0.879853702910264,0.8793802457244082,1.2121212121212122
59,0.879853702910264,0.879645979866371,0.9545454545454546
60,0.879853702910264,0.8795715694202612,0.7056565656565656
61,0.879853702910264,0.8795587847705173,0.2991919191919192
62,0.879853702910264,0.8794614186809485,0.26
63,0.879853702910264,0.8795601948068691,0.3387878787878788
64,0.879853702910264,0.879492401508755,0.41878787878787876
65,0.879853702910264,0.8794888638274005,0.2991919191919192
66,0.8798784675911039,0.8793176260360599,0.2995959595959596
67,0.8798784675911039,0.879654254365485,0.33434343434343433
68,0.8798784675911039,0.8795289562122107,0.4533333333333333
69,0.8798784675911039,0.8793742753024546,0.6373737373737374
70,0.8798784675911039,0.8796186080241201,0.7795959595959596
71,0.8798784675911039,0.8796072764423409,0.7496969696969698
72,0.8798817530376443,0.8795807122316603,0.3878787878787879
73,0.8798817530376443,0.8795868210373871,0.3181818181818182
74,0.8798817530376443,0.8795360882049905,0.6218181818181818
75,0.8798817530376443,0.8797249714305149,0.7648484848484849
76,0.8798817530376443,0.8796948483589303,0.7593939393939394
77,0.8798817530376443,0.8795188572770849,0.666060606060606
78,0.8798817530376443,0.8796336345962626,0.35838383838383836
79,0.8798817530376443,0.879533392877402,0.49717171717171715
80,0.8798817530376443,0.8795942954720314,0.37777777777777777
81,0.8798817530376443,0.8795075263103856,0.2197979797979798
82,0.8798817530376443,0.8791915138241224,0.4385858585858586
83,0.8798817530376443,0.8796705078999741,0.22
84,0.8798817530376443,0.8794635154279048,0.3987878787878788
85,0.8798817530376443,0.8795229815874124,0.2793939393939394
86,0.8798817530376443,0.8795678834080322,0.2385858585858586
87,0.8798817530376443,0.8796363689917764,0.2793939393939394
88,0.8798817530376443,0.8794630867881124,0.2197979797979798
89,0.8798817530376443,0.8795838357980452,0.35898989898989897
90,0.8798817530376443,0.8794484418938409,0.3387878787878788
91,0.8798817530376443,0.8796179539883242,0.3383838383838384
92,0.8798817530376443,0.8793752807743833,0.35818181818181816
93,0.8798817530376443,0.8795183757212091,0.2997979797979798
94,0.8798817530376443,0.8794006419512742,0.458989898989899
95,0.8798817530376443,0.8795360470425366,0.32
96,0.8798817530376443,0.8794845044942828,0.378989898989899
97,0.8798817530376443,0.8788520094080502,0.5957575757575757
98,0.8798817530376443,0.8793744769301364,0.3987878787878788
99,0.8798817530376443,0.8797179174800948,0.1997979797979798
100,0.8798817530376443,0.8796664272793171,0.26
101,0.8798817530376443,0.8795699535839367,0.37717171717171716
102,0.8798817530376443,0.8795665280450587,0.3395959595959596
103,0.8798817530376443,0.8796733610906395,0.1997979797979798
104,0.8798817530376443,0.8792058833240006,0.278989898989899
105,0.8798817530376443,0.879700023065528,0.2793939393939394
106,0.8798817530376443,0.8795850240244437,0.3191919191919192
107,0.8798817530376443,0.8795881494460421,0.2593939393939394
108,0.8798817530376443,0.879565466466258,0.258989898989899
109,0.8798817530376443,0.8796817592230539,0.2993939393939394
110,0.8798817530376443,0.8796855621311,0.238989898989899
111,0.8798817530376443,0.8796205134448384,0.2591919191919192
112,0.8798817530376443,0.8795861995435041,0.318989898989899
113,0.8798817530376443,0.879668903589835,0.3387878787878788
114,0.8814774975313849,0.8794788599271643,0.3393939393939394
115,0.8814774975313849,0.8796470977957701,0.39656565656565657
116,0.8814774975313849,0.8796940579148094,0.5426262626262627
117,0.8814774975313849,0.879892987788747,0.7264646464646465
118,0.8814774975313849,0.8806352955295668,0.8745454545454545
119,0.8814774975313849,0.881100002869877,0.5296969696969697
120,0.8814936177892239,0.8812921412650161,0.37757575757575756
121,0.8814936177892239,0.8812961938175253,0.35474747474747476
122,0.8814936177892239,0.88106935146439,0.5678787878787879
123,0.8814936177892239,0.8809021490551817,0.8262626262626263
124,0.8814936177892239,0.8812253377983531,0.7402020202020202
125,0.8814936177892239,0.8811940498217327,0.5303030303030303
126,0.8814936177892239,0.8811214345454057,0.45696969696969697
127,0.8814936177892239,0.8813445960868975,0.2397979797979798
128,0.8814936177892239,0.8812918509141581,0.2
129,0.8814936177892239,0.8812591136640855,0.2991919191919192
130,0.8814936177892239,0.8813110866084162,0.318989898989899
131,0.8814936177892239,0.8811654688856335,0.35858585858585856
132,0.8814936177892239,0.881346160998764,0.1995959595959596
133,0.8814936177892239,0.8812232397148863,0.35838383838383836
134,0.8814936177892239,0.8810757726779928,0.2995959595959596
135,0.8814936177892239,0.8810865718163103,0.3995959595959596
136,0.8814936177892239,0.8812468410292388,0.2593939393939394
137,0.8814936177892239,0.8810864549449592,0.3985858585858586
138,0.8814936177892239,0.8811940711041875,0.2995959595959596
139,0.8814936177892239,0.8812603460292161,0.24
140,0.8814936177892239,0.8813772113478006,0.16
141,0.8814936177892239,0.8811822773720455,0.2793939393939394
142,0.8814936177892239,0.8811912898212533,0.3191919191919192
143,0.8814936177892239,0.8812128834726337,0.3193939393939394
144,0.8814936177892239,0.8811658498640399,0.2193939393939394
145,0.8814936177892239,0.8812236833622293,0.3195959595959596
146,0.8814936177892239,0.881099396324019,0.4781818181818182
147,0.8814936177892239,0.8812302653608076,0.2997979797979798
148,0.8814936177892239,0.8809265755019358,0.41858585858585856
149,0.8814936177892239,0.88115106906166,0.3393939393939394
150,0.8814936177892239,0.8811471403689076,0.2197979797979798
151,0.8814936177892239,0.8812603353188351,0.2597979797979798
152,0.8814936177892239,0.8810641307915743,0.3987878787878788
153,0.8814936177892239,0.8812112241804723,0.3595959595959596
154,0.8814936177892239,0.8809310598672907,0.3995959595959596
155,0.8814936177892239,0.880909492816861,0.3795959595959596
156,0.8814936177892239,0.8811628299949146,0.32
157,0.8814936177892239,0.8809157366380214,0.3783838383838384
158,0.8814936177892239,0.8811218795553606,0.2791919191919192
159,0.8814936177892239,0.8810663706226275,0.2791919191919192
160,0.8814936177892239,0.8810356317115767,0.3785858585858586
161,0.8814936177892239,0.8811509979478431,0.318989898989899
162,0.8814936177892239,0.8812127622144387,0.2791919191919192
163,0.8814936177892239,0.8812749487003656,0.1797979797979798
164,0.8814936177892239,0.8813593422804525,0.2191919191919192
165,0.8814936177892239,0.8813574771014564,0.2197979797979798
166,0.8814936177892239,0.8813569294806185,0.2193939393939394
167,0.8814936177892239,0.8809533522734118,0.43737373737373736
168,0.8814936177892239,0.8810818574965431,0.278989898989899
169,0.8814936177892239,0.8811826412184267,0.35838383838383836
170,0.8814936177892239,0.8809867810906766,0.3591919191919192
171,0.8814936177892239,0.8808957606966158,0.43737373737373736
172,0.8814936177892239,0.8810140951895755,0.3393939393939394
173,0.8814936177892239,0.8808753278806307,0.4193939393939394
174,0.8814936177892239,0.881115637436376,0.3393939393939394
175,0.8814936177892239,0.8812499756508541,0.2
176,0.8814936177892239,0.8812821736278472,0.2797979797979798
177,0.8814936177892239,0.8812120881673987,0.338989898989899
178,0.8814936177892239,0.8810973959564977,0.4381818181818182
179,0.8814936177892239,0.8811469682800886,0.3787878787878788
180,0.8814936177892239,0.8812947506280878,0.3391919191919192
181,0.8814936177892239,0.881200230508009,0.2793939393939394
182,0.8814936177892239,0.8810871628616969,0.378989898989899
183,0.8814936177892239,0.881244551845476,0.23959595959595958
184,0.8814936177892239,0.8810711329244068,0.3187878787878788
185,0.8814936177892239,0.8813923595483947,0.23959595959595958
186,0.8814936177892239,0.8812488912401875,0.2597979797979798
187,0.8814936177892239,0.8811367045797508,0.2997979797979798
188,0.8814936177892239,0.8812582288657483,0.22
189,0.8814936177892239,0.8813304236756383,0.2193939393939394
190,0.8814936177892239,0.8811689441672198,0.24
191,0.8814936177892239,0.8812271689862478,0.318989898989899
192,0.8814936177892239,0.8812966526414838,0.2993939393939394
193,0.8814936177892239,0.8809817066435772,0.398989898989899
194,0.8814936177892239,0.8812479337374604,0.2597979797979798
195,0.8814936177892239,0.8811348196570036,0.3195959595959596
196,0.8814936177892239,0.8810023323278958,0.396969696969697
197,0.8814936177892239,0.8811581179372469,0.278989898989899
198,0.8814936177892239,0.8812400249926818,0.3985858585858586
199,0.8814936177892239,0.881117833499366,0.2995959595959596
200,0.8814936177892239,0.8809015517446953,0.398989898989899
201,0.8814936177892239,0.88124105941694,0.338989898989899
202,0.8814936177892239,0.8811311846121902,0.438989898989899
203,0.8814936177892239,0.8812593045780219,0.317979797979798
204,0.8814936177892239,0.8812467357046796,0.2391919191919192
205,0.8814936177892239,0.8811803368424901,0.2797979797979798
206,0.8814936177892239,0.881194940623394,0.35878787878787877
207,0.8814936177892239,0.8811078174028794,0.3395959595959596
208,0.8814936177892239,0.881199152722879,0.258989898989899
209,0.8814936177892239,0.8809953048310666,0.458989898989899
210,0.8814936177892239,0.8812046630452829,0.37757575757575756
211,0.8814936177892239,0.8810465545109847,0.2991919191919192
212,0.8814936177892239,0.8810196709584173,0.3995959595959596
213,0.8814936177892239,0.881292199794937,0.28
214,0.8814936177892239,0.8812004390007792,0.3197979797979798
215,0.8814936177892239,0.8810964109268719,0.3197979797979798
216,0.8814936177892239,0.8813141006045292,0.23959595959595958
217,0.8814936177892239,0.8811452045044997,0.3991919191919192
218,0.8814936177892239,0.8811817075811891,0.3593939393939394
219,0.8814936177892239,0.8813918652292437,0.22
220,0.8814936177892239,0.8810362935039053,0.378989898989899
221,0.8814936177892239,0.8809638189411807,0.41919191919191917
222,0.8814936177892239,0.8811029410783309,0.3193939393939394
223,0.8814936177892239,0.8811458127394465,0.2997979797979798
224,0.8814936177892239,0.8811968663185646,0.2797979797979798
225,0.8814936177892239,0.8811294849101674,0.2791919191919192
226,0.8814936177892239,0.8813013289366307,0.2593939393939394
227,0.8814936177892239,0.881015219155577,0.338989898989899
228,0.8814936177892239,0.8812455318017959,0.2591919191919192
229,0.8814936177892239,0.8810638862700324,0.3595959595959596
230,0.8814936177892239,0.8811751382174043,0.4175757575757576
231,0.8814936177892239,0.881157007295016,0.2993939393939394
232,0.8814936177892239,0.8811810351121145,0.2597979797979798
233,0.8814936177892239,0.8808838792913514,0.3793939393939394
234,0.8814936177892239,0.8813264462898236,0.23939393939393938
235,0.8814936177892239,0.8811109393641025,0.3187878787878788
236,0.8814936177892239,0.8812951203239306,0.3395959595959596
237,0.8814936177892239,0.8810424909935672,0.4381818181818182
238,0.8814936177892239,0.8812601003965068,0.3395959595959596
239,0.8814936177892239,0.8811913492966597,0.3197979797979798
240,0.8814936177892239,0.8813930943159172,0.2197979797979798
241,0.8814936177892239,0.8811594486431441,0.43777777777777777
242,0.8814936177892239,0.8811292457212062,0.4983838383838384
243,0.8814936177892239,0.8811522683227194,0.3185858585858586
244,0.8814936177892239,0.8809359440628189,0.4585858585858586
245,0.8814936177892239,0.8811617981791536,0.3991919191919192
246,0.8814936177892239,0.8811105089086954,0.3791919191919192
247,0.8814936177892239,0.8810367075988335,0.35777777777777775
248,0.8814936177892239,0.881198240712436,0.2993939393939394
249,0.8814936177892239,0.8812293267537663,0.3593939393939394
250,0.8814936177892239,0.8812306116059301,0.2797979797979798
251,0.8814936177892239,0.8811335508565459,0.2991919191919192
252,0.8814936177892239,0.8809483479150626,0.47898989898989897
253,0.8814936177892239,0.8812787435699526,0.26
254,0.8814936177892239,0.8808174569961338,0.4775757575757576
255,0.8814936177892239,0.8812297374280899,0.3
256,0.8814936177892239,0.8811603763146413,0.2997979797979798
257,0.8814936177892239,0.8811119956069388,0.3395959595959596
258,0.8814936177892239,0.88101589424826,0.3983838383838384
259,0.8814936177892239,0.8811289687209287,0.397979797979798
260,0.8814936177892239,0.881150402048128,0.3193939393939394
261,0.8814936177892239,0.8809513265889312,0.4583838383838384
262,0.8814936177892239,0.8812436310836234,0.318989898989899
263,0.8814936177892239,0.8811906467362163,0.4381818181818182
264,0.8814936177892239,0.8809858035578939,0.2993939393939394
265,0.8814936177892239,0.8808578252107374,0.35777777777777775
266,0.8814936177892239,0.8810832595642785,0.378989898989899
267,0.8814936177892239,0.8812445996770663,0.3393939393939394
268,0.8814936177892239,0.8811234124609078,0.3791919191919192
269,0.8814936177892239,0.8812181520648202,0.2995959595959596
270,0.8814936177892239,0.8812970797718055,0.1591919191919192
271,0.8814936177892239,0.8811591964017673,0.3193939393939394
272,0.8814936177892239,0.8810349048197023,0.3393939393939394
273,0.8814936177892239,0.8813614152683346,0.1995959595959596
274,0.8814936177892239,0.8809000936434407,0.47919191919191917
275,0.8814936177892239,0.8811798140061268,0.2993939393939394
276,0.8814936177892239,0.8811990071728991,0.28
277,0.8814936177892239,0.8810209602230598,0.3185858585858586
278,0.8814936177892239,0.8811627587775337,0.3397979797979798
279,0.8814936177892239,0.88099745879477,0.457979797979798
280,0.8814936177892239,0.8813595886877005,0.23959595959595958
281,0.8814936177892239,0.8809331306844013,0.4387878787878788
282,0.8814936177892239,0.8810646579076417,0.4385858585858586
283,0.8814936177892239,0.8809268569333804,0.3785858585858586
284,0.8814936177892239,0.8811281856593896,0.3591919191919192
285,0.8814936177892239,0.8813605745955049,0.1997979797979798
286,0.8814936177892239,0.881032215255856,0.2791919191919192
287,0.8814936177892239,0.8811296836952858,0.2795959595959596
288,0.8814936177892239,0.8811453664051082,0.2397979797979798
289,0.8814936177892239,0.8812459993704619,0.3791919191919192
290,0.8814936177892239,0.8809808899310839,0.417979797979798
291,0.8814936177892239,0.8814261832693637,0.1
292,0.8814936177892239,0.8811615675830727,0.2597979797979798
293,0.8814936177892239,0.880994412458544,0.338989898989899
294,0.8814936177892239,0.8810964962036727,0.3791919191919192
295,0.8814936177892239,0.8813119646153761,0.3191919191919192
296,0.8814936177892239,0.8812135413546255,0.2795959595959596
297,0.8814936177892239,0.8812568640395975,0.1597979797979798
298,0.8814936177892239,0.8810445224288526,0.2591919191919192
299,0.8814936177892239,0.881291324297138,0.2597979797979798
300,0.8814936177892239,0.8812548973067496,0.318989898989899
301,0.8814936177892239,0.8808238948401572,0.477979797979798
302,0.8814936177892239,0.8811114917198453,0.2991919191919192
303,0.8814936177892239,0.8812419117238864,0.2397979797979798
304,0.8814936177892239,0.881144976359892,0.23939393939393938
305,0.8814936177892239,0.8810983561889688,0.3595959595959596
306,0.8814936177892239,0.8812602980011089,0.3793939393939394
307,0.8814936177892239,0.8812382216647562,0.3385858585858586
308,0.8814936177892239,0.8810371449984723,0.3995959595959596
309,0.8814936177892239,0.8810963945089809,0.3793939393939394
310,0.8814936177892239,0.8813062816727153,0.2597979797979798
311,0.8814936177892239,0.8811817883214438,0.2993939393939394
312,0.8814936177892239,0.8811806598214753,0.3193939393939394
313,0.8814936177892239,0.8810713248918137,0.2797979797979798
314,0.8814936177892239,0.8812031682367164,0.2197979797979798
315,0.8814936177892239,0.8812460467669141,0.278989898989899
316,0.8814936177892239,0.8809009011148095,0.4583838383838384
317,0.8814936177892239,0.8811477453585763,0.3393939393939394
318,0.8814936177892239,0.8812604308135635,0.3395959595959596
319,0.8814936177892239,0.8811426035115751,0.4391919191919192
320,0.8814936177892239,0.8811102835032065,0.3195959595959596
321,0.8814936177892239,0.8809351954655618,0.2781818181818182
322,0.8814936177892239,0.881128043408034,0.3791919191919192
323,0.8814936177892239,0.881192689475999,0.338989898989899
324,0.8814936177892239,0.8812097246453124,0.2595959595959596
325,0.8814936177892239,0.8809406473654947,0.3597979797979798
326,0.8814936177892239,0.8811437944401687,0.3393939393939394
327,0.8814936177892239,0.8811275706327906,0.3795959595959596
328,0.8814936177892239,0.8811650242529047,0.41898989898989897
329,0.8814936177892239,0.8810797239822296,0.4783838383838384
330,0.8814936177892239,0.8812473178891758,0.3193939393939394
331,0.8814936177892239,0.8813067150358507,0.3391919191919192
332,0.8814936177892239,0.8812808757649995,0.23939393939393938
333,0.8814936177892239,0.8809498728910006,0.3387878787878788
334,0.8814936177892239,0.8812247981702275,0.2597979797979798
335,0.8814936177892239,0.8813758205633013,0.2
336,0.8814936177892239,0.8811163765429229,0.4581818181818182
337,0.8814936177892239,0.8812928831067102,0.2991919191919192
338,0.8814936177892239,0.8813437604376191,0.3195959595959596
339,0.8814936177892239,0.8811940739445143,0.3395959595959596
340,0.8814936177892239,0.8812458582234491,0.2
341,0.8814936177892239,0.8810914379951923,0.2991919191919192
342,0.8814936177892239,0.8812446292639871,0.2197979797979798
343,0.8814936177892239,0.8809800592100739,0.41818181818181815
344,0.8814936177892239,0.8811796885779988,0.37777777777777777
345,0.8814936177892239,0.8808737895059305,0.41858585858585856
346,0.8814936177892239,0.8811585910066003,0.318989898989899
347,0.8814936177892239,0.8810015075934821,0.3195959595959596
348,0.8814936177892239,0.8810111964596424,0.4195959595959596
349,0.8814936177892239,0.8812437799613639,0.2991919191919192
350,0.8814936177892239,0.8811271779275307,0.4987878787878788
351,0.8814936177892239,0.8809083258665704,0.3591919191919192
352,0.8814936177892239,0.8812392318106421,0.2597979797979798
353,0.8814936177892239,0.8810366306075862,0.2995959595959596
354,0.8814936177892239,0.8812977457191784,0.2
355,0.8814936177892239,0.8811980266215272,0.2993939393939394
356,0.8814936177892239,0.8812452199462407,0.22
357,0.8814936177892239,0.8812929139642688,0.2793939393939394
358,0.8814936177892239,0.8809997920296346,0.3195959595959596
359,0.8814936177892239,0.8812081955603788,0.338989898989899
360,0.8814936177892239,0.8812154919470951,0.2591919191919192
361,0.8814936177892239,0.8811002767539398,0.3393939393939394
362,0.8814936177892239,0.8809092396971998,0.2797979797979798
363,0.8814936177892239,0.880934143492306,0.458989898989899
364,0.8814936177892239,0.8811632429121445,0.3395959595959596
365,0.8814936177892239,0.8807637123304726,0.3787878787878788
366,0.8814936177892239,0.8812963055478376,0.23939393939393938
367,0.8814936177892239,0.8810973656480054,0.398989898989899
368,0.8814936177892239,0.8811515744041283,0.3195959595959596
369,0.8814936177892239,0.8808451985012714,0.41898989898989897
370,0.8814936177892239,0.8812287470140211,0.2195959595959596
371,0.8814936177892239,0.8812117603188742,0.2397979797979798
372,0.8814936177892239,0.881265847028809,0.2197979797979798
373,0.8814936177892239,0.8812093651268126,0.318989898989899
374,0.8814936177892239,0.8810641849062306,0.4381818181818182
375,0.8814936177892239,0.881008292972069,0.3191919191919192
376,0.8814936177892239,0.881169592522425,0.2795959595959596
377,0.8814936177892239,0.8811811961622804,0.3
378,0.8814936177892239,0.8813240340427579,0.1997979797979798
379,0.8814936177892239,0.8813573832113277,0.1997979797979798
380,0.8814936177892239,0.8811132874936726,0.3591919191919192
381,0.8814936177892239,0.8811906578812473,0.2997979797979798
382,0.8814936177892239,0.8811493035363462,0.2991919191919192
383,0.8814936177892239,0.8811692507289447,0.29858585858585857
384,0.8814936177892239,0.88123014513905,0.298989898989899
385,0.8814936177892239,0.881262678845775,0.2791919191919192
386,0.8814936177892239,0.8811255947542488,0.2993939393939394
387,0.8814936177892239,0.8809417023921171,0.41919191919191917
388,0.8814936177892239,0.8810829258079981,0.3783838383838384
389,0.8814936177892239,0.8813272695317985,0.2391919191919192
390,0.8814936177892239,0.8811979179109234,0.24
391,0.8814936177892239,0.8811947288998827,0.2397979797979798
392,0.8814936177892239,0.8807896686207544,0.4581818181818182
393,0.8814936177892239,0.8811280176163815,0.2993939393939394
394,0.8814936177892239,0.8811312567750704,0.318989898989899
395,0.8814936177892239,0.881258281034521,0.23959595959595958
396,0.8814936177892239,0.8812039774850493,0.29858585858585857
397,0.8814936177892239,0.8812125447904048,0.3781818181818182
398,0.8814936177892239,0.8811504840977697,0.3983838383838384
399,0.8814936177892239,0.8811691683350464,0.2995959595959596
400,0.8814936177892239,0.8809222655456828,0.29838383838383836
401,0.8814936177892239,0.8810342679527845,0.4783838383838384
402,0.8814936177892239,0.8811805255130115,0.2387878787878788
403,0.8814936177892239,0.8811797760708651,0.3591919191919192
404,0.8814936177892239,0.8810038165985765,0.3383838383838384
405,0.8814936177892239,0.8811307875864981,0.2195959595959596
406,0.8814936177892239,0.8810706415374076,0.2993939393939394
407,0.8814936177892239,0.8809361658240898,0.4395959595959596
408,0.8814936177892239,0.8810091004421692,0.3983838383838384
409,0.8814936177892239,0.8809822425713111,0.3393939393939394
410,0.8814936177892239,0.8812009067035818,0.1997979797979798
411,0.8814936177892239,0.8811974571962037,0.35898989898989897
412,0.8814936177892239,0.881200773736414,0.23959595959595958
413,0.8814936177892239,0.8811335404157228,0.3393939393939394
414,0.8814936177892239,0.8811426038335562,0.2791919191919192
415,0.8814936177892239,0.8812285643475205,0.3393939393939394
416,0.8814936177892239,0.8813092116742801,0.3391919191919192
417,0.8814936177892239,0.8810428048300066,0.35898989898989897
418,0.8814936177892239,0.881062938772445,0.318989898989899
419,0.8814936177892239,0.8811448188019729,0.3593939393939394
420,0.8814936177892239,0.8813279609312731,0.2791919191919192
421,0.8814936177892239,0.8810635362456952,0.3387878787878788
422,0.8814936177892239,0.8812612371775298,0.2397979797979798
423,0.8814936177892239,0.8809333405189895,0.43737373737373736
424,0.8814936177892239,0.8812733591650945,0.3197979797979798
425,0.8814936177892239,0.8810628939406066,0.2597979797979798
426,0.8814936177892239,0.8811493502624586,0.3197979797979798
427,0.8814936177892239,0.8812617125771329,0.23959595959595958
428,0.8814936177892239,0.8811748347566163,0.3787878787878788
429,0.8814936177892239,0.8810908266313662,0.3591919191919192
430,0.8814936177892239,0.8810787998930851,0.4381818181818182
431,0.8814936177892239,0.8810669345977529,0.3793939393939394
432,0.8814936177892239,0.8811255107153894,0.3195959595959596
433,0.8814936177892239,0.8810411364348064,0.35878787878787877
434,0.8814936177892239,0.8810828861036533,0.3791919191919192
435,0.8814936177892239,0.881261812877258,0.3781818181818182
436,0.8814936177892239,0.8812758402515304,0.2997979797979798
437,0.8814936177892239,0.8810447178191442,0.3193939393939394
438,0.8814936177892239,0.8812913613905065,0.17919191919191918
439,0.8814936177892239,0.8809590331910612,0.3597979797979798
440,0.8814936177892239,0.8810491617725572,0.378989898989899
441,0.8814936177892239,0.880890739566184,0.3987878787878788
442,0.8814936177892239,0.8811598731733458,0.3595959595959596
443,0.8814936177892239,0.8813086365980621,0.2991919191919192
444,0.8814936177892239,0.8811161822182899,0.3197979797979798
445,0.8814936177892239,0.8809223967080869,0.5575757575757576
446,0.8814936177892239,0.8810649536459689,0.3393939393939394
447,0.8814936177892239,0.8813923409217501,0.23959595959595958
448,0.8814936177892239,0.8811772546974139,0.23939393939393938
449,0.8814936177892239,0.8812875343286073,0.2595959595959596
450,0.8814936177892239,0.8811324145351422,0.3387878787878788
451,0.8814936177892239,0.8810513968786811,0.3193939393939394
452,0.8814936177892239,0.8811641849530427,0.3193939393939394
453,0.8814936177892239,0.8810330007733532,0.338989898989899
454,0.8814936177892239,0.8812802772631811,0.2795959595959596
455,0.8814936177892239,0.8809766501097588,0.4177777777777778
456,0.8814936177892239,0.8812785685431956,0.3783838383838384
457,0.8814936177892239,0.8811453998924229,0.3387878787878788
458,0.8814936177892239,0.8812647549641922,0.2191919191919192
459,0.8814936177892239,0.8810952768467349,0.3387878787878788
460,0.8814936177892239,0.8812288821645301,0.35797979797979795
461,0.8814936177892239,0.8810814390864554,0.4381818181818182
462,0.8814936177892239,0.8811764925032076,0.378989898989899
463,0.8814936177892239,0.8811938564179794,0.29858585858585857
464,0.8814936177892239,0.8812637070487593,0.298989898989899
465,0.8814936177892239,0.8813099688001358,0.1995959595959596
466,0.8814936177892239,0.8813393064004424,0.2795959595959596
467,0.8814936177892239,0.8810277983252108,0.3993939393939394
468,0.8814936177892239,0.8810352249770308,0.2797979797979798
469,0.8814936177892239,0.8812619267540553,0.35858585858585856
470,0.8814936177892239,0.8812459818537366,0.2397979797979798
471,0.8814936177892239,0.8808683475122935,0.41898989898989897
472,0.8814936177892239,0.881201084982331,0.2791919191919192
473,0.8814936177892239,0.8811604368984906,0.2797979797979798
474,0.8814936177892239,0.8811126043877535,0.3793939393939394
475,0.8814936177892239,0.8810645006214847,0.3787878787878788
476,0.8814936177892239,0.8812259998068848,0.29858585858585857
477,0.8814936177892239,0.8812114499477874,0.3791919191919192
478,0.8814936177892239,0.881294088866165,0.2
479,0.8814936177892239,0.8809394121701941,0.4593939393939394
480,0.8814936177892239,0.8811289999412126,0.2597979797979798
481,0.8814936177892239,0.8813300751459492,0.23959595959595958
482,0.8814936177892239,0.8810429016836561,0.3393939393939394
483,0.8814936177892239,0.8811994033512885,0.26
484,0.8814936177892239,0.8814271803349817,0.1
485,0.8814936177892239,0.8810976071948646,0.258989898989899
486,0.8814936177892239,0.8811634332683863,0.3795959595959596
487,0.8814936177892239,0.881179833700368,0.3187878787878788
488,0.8814936177892239,0.8812096477159298,0.2193939393939394
489,0.8814936177892239,0.880917150864951,0.4381818181818182
490,0.8814936177892239,0.8810468463270372,0.43777777777777777
491,0.8814936177892239,0.8812748188141619,0.2595959595959596
492,0.8814936177892239,0.8812909938073124,0.2997979797979798
493,0.8814936177892239,0.8810741973154022,0.278989898989899
494,0.8814936177892239,0.8811950408531548,0.2387878787878788
495,0.8814936177892239,0.8812545077973196,0.2797979797979798
496,0.8814936177892239,0.8808362375090097,0.47878787878787876
497,0.8814936177892239,0.8810765406711133,0.4783838383838384
498,0.8814936177892239,0.8813406603230952,0.35878787878787877
499,0.8814936177892239,0.8812296232001862,0.3791919191919192
